id,timestamp,value
1,10,14
2,10,252
3,10,17
4,10,93
5,10,248
6,10,47
7,10,159
8,10,123
9,10,77
10,10,131
11,10,5
12,10,83
13,10,168
14,10,96
15,10,102
16,10,121
17,10,67
18,10,168
19,10,101
20,10,33
21,10,250
22,10,164
23,10,45
24,10,175
25,10,145
26,10,251
27,10,253
28,10,169
29,10,52
30,10,248
31,10,42
32,10,126
33,10,150
34,10,2
35,10,152
36,10,100
37,10,259
38,10,99
39,10,289
40,10,191
41,10,18
42,10,243
43,10,108
44,10,208
45,10,289
46,10,94
47,10,83
48,10,112
49,10,59
50,10,144
51,10,109
52,10,289
53,10,256
54,10,227
55,10,208
56,10,188
57,10,30
58,10,172
59,10,131
60,10,75
61,10,253
62,10,72
63,10,191
64,10,97
65,10,268
66,10,162
67,10,184
68,10,65
69,10,219
70,10,213
71,10,111
72,10,160
73,10,160
74,10,158
75,10,20
76,10,272
77,10,160
78,10,293
79,10,6
80,10,37
81,10,216
82,10,222
83,10,124
84,10,99
85,10,221
86,10,297
87,10,268
88,10,208
89,10,102
90,10,54
91,10,235
92,10,74
93,10,55
94,10,219
95,10,285
96,10,6
97,10,37
98,10,212
99,10,286
100,10,235
101,10,6
102,10,91
103,10,136
104,10,233
105,10,51
106,10,241
107,10,237
108,10,44
109,10,123
110,10,16
111,10,274
112,10,38
113,10,41
114,10,239
115,10,21
116,10,259
117,10,119
118,10,294
119,10,171
120,10,52
121,10,56
122,10,70
123,10,65
124,10,149
125,10,79
126,10,138
127,10,62
128,10,79
129,10,90
130,10,134
131,10,149
132,10,64
133,10,293
134,10,268
135,10,180
136,10,1
137,10,39
138,10,111
139,10,72
140,10,147
141,10,60
142,10,282
143,10,105
144,10,286
145,10,172
146,10,37
147,10,279
148,10,117
149,10,55
150,10,112
151,10,299
152,10,62
153,10,138
154,10,215
155,10,78
156,10,220
157,10,17
158,10,275
159,10,63
160,10,187
161,10,109
162,10,7
163,10,286
164,10,68
165,10,203
166,10,23
167,10,49
168,10,221
169,10,271
170,10,100
171,10,290
172,10,212
173,10,99
174,10,71
175,10,158
176,10,62
177,10,211
178,10,149
179,10,73
180,10,126
181,10,21
182,10,26
183,10,102
184,10,130
185,10,253
186,10,39
187,10,122
188,10,39
189,10,55
190,10,197
191,10,258
192,10,191
193,10,265
194,10,145
195,10,297
196,10,224
197,10,244
198,10,104
199,10,124
200,10,187
201,10,32
202,10,169
203,10,251
204,10,79
205,10,64
206,10,215
207,10,147
208,10,89
209,10,208
210,10,87
211,10,138
212,10,87
213,10,168
214,10,188
215,10,35
216,10,119
217,10,101
218,10,96
219,10,148
220,10,101
221,10,32
222,10,199
223,10,50
224,10,203
225,10,260
226,10,92
227,10,130
228,10,223
229,10,148
230,10,188
231,10,267
232,10,39
233,10,94
234,10,269
235,10,87
236,10,68
237,10,33
238,10,263
239,10,64
240,10,142
241,10,83
242,10,247
243,10,144
244,10,20
245,10,167
246,10,109
247,10,240
248,10,39
249,10,273
250,10,151
251,10,50
252,10,85
253,10,47
254,10,181
255,10,296
256,10,276
257,10,57
258,10,71
259,10,240
260,10,40
261,10,257
262,10,62
263,10,114
264,10,211
265,10,196
266,10,25
267,10,220
268,10,18
269,10,86
270,10,34
271,10,26
272,10,126
273,10,124
274,10,292
275,10,19
276,10,55
277,10,243
278,10,233
279,10,77
280,10,83
281,10,58
282,10,282
283,10,3
284,10,194
285,10,70
286,10,121
287,10,217
288,10,196
289,10,290
290,10,216
291,10,197
292,10,52
293,10,181
294,10,41
295,10,65
296,10,293
297,10,154
298,10,44
299,10,129
300,10,257
301,10,126
302,10,138
303,10,38
304,10,143
305,10,10
306,10,217
307,10,234
308,10,35
309,10,77
310,10,288
311,10,112
312,10,117
313,10,4
314,10,230
315,10,157
316,10,256
317,10,195
318,10,16
319,10,25
320,10,22
321,10,166
322,10,193
323,10,50
324,10,95
325,10,5
326,10,60
327,10,263
328,10,183
329,10,204
330,10,216
331,10,74
332,10,124
333,10,207
334,10,250
335,10,260
336,10,289
337,10,258
338,10,127
339,10,127
340,10,275
341,10,110
342,10,182
343,10,152
344,10,223
345,10,227
346,10,86
347,10,70
348,10,129
349,10,156
350,10,290
351,10,100
352,10,201
353,10,252
354,10,198
355,10,20
356,10,62
357,10,198
358,10,37
359,10,108
360,10,2
361,10,173
362,10,228
363,10,27
364,10,176
365,10,178
366,10,147
367,10,267
368,10,258
369,10,211
370,10,192
371,10,178
372,10,100
373,10,195
374,10,48
375,10,103
376,10,235
377,10,16
378,10,33
379,10,140
380,10,145
381,10,84
382,10,171
383,10,267
384,10,227
385,10,248
386,10,118
387,10,165
388,10,49
389,10,211
390,10,70
391,10,66
392,10,21
393,10,130
394,10,32
395,10,279
396,10,83
397,10,183
398,10,0
399,10,114
400,10,144
401,10,82
402,10,111
403,10,65
404,10,115
405,10,88
406,10,117
407,10,267
408,10,243
409,10,70
410,10,269
411,10,205
412,10,53
413,10,195
414,10,115
415,10,248
416,10,89
417,10,31
418,10,26
419,10,2
420,10,233
421,10,17
422,10,84
423,10,11
424,10,143
425,10,293
426,10,197
427,10,130
428,10,215
429,10,169
430,10,17
431,10,165
432,10,177
433,10,213
434,10,287
435,10,295
436,10,42
437,10,110
438,10,200
439,10,187
440,10,200
441,10,262
442,10,41
443,10,166
444,10,163
445,10,167
446,10,90
447,10,132
448,10,194
449,10,288
450,10,205
451,10,188
452,10,224
453,10,84
454,10,144
455,10,298
456,10,209
457,10,147
458,10,236
459,10,10
460,10,160
461,10,52
462,10,62
463,10,287
464,10,162
465,10,54
466,10,205
467,10,47
468,10,122
469,10,256
470,10,59
471,10,180
472,10,90
473,10,264
474,10,272
475,10,282
476,10,69
477,10,74
478,10,282
479,10,241
480,10,53
481,10,247
482,10,21
483,10,73
484,10,258
485,10,31
486,10,295
487,10,194
488,10,31
489,10,222
490,10,173
491,10,166
492,10,229
493,10,28
494,10,265
495,10,209
496,10,86
497,10,84
498,10,10
499,10,135
500,10,290
501,10,242
502,10,143
503,10,25
504,10,201
505,10,206
506,10,220
507,10,49
508,10,107
509,10,203
510,10,215
511,10,296
512,10,213
513,10,79
514,10,94
515,10,36
516,10,128
517,10,176
518,10,110
519,10,158
520,10,287
521,10,268
522,10,132
523,10,216
524,10,273
525,10,194
526,10,131
527,10,285
528,10,68
529,10,76
530,10,175
531,10,139
532,10,147
533,10,121
534,10,204
535,10,147
536,10,159
537,10,223
538,10,226
539,10,186
540,10,204
541,10,243
542,10,60
543,10,285
544,10,93
545,10,246
546,10,215
547,10,58
548,10,16
549,10,10
550,10,289
551,10,295
552,10,242
553,10,163
554,10,294
555,10,94
556,10,99
557,10,177
558,10,197
559,10,218
560,10,100
561,10,193
562,10,11
563,10,135
564,10,284
565,10,294
566,10,89
567,10,225
568,10,291
569,10,83
570,10,148
571,10,57
572,10,266
573,10,51
574,10,234
575,10,254
576,10,44
577,10,134
578,10,235
579,10,173
580,10,90
581,10,177
582,10,257
583,10,285
584,10,263
585,10,176
586,10,77
587,10,211
588,10,126
589,10,96
590,10,98
591,10,160
592,10,116
593,10,44
594,10,182
595,10,75
596,10,40
597,10,229
598,10,254
599,10,202
600,10,187
601,10,68
602,10,59
603,10,156
604,10,161
605,10,286
606,10,176
607,10,124
608,10,289
609,10,187
610,10,293
611,10,150
612,10,154
613,10,263
614,10,161
615,10,137
616,10,182
617,10,46
618,10,39
619,10,90
620,10,210
621,10,54
622,10,62
623,10,85
624,10,82
625,10,180
626,10,129
627,10,267
628,10,270
629,10,158
630,10,29
631,10,221
632,10,17
633,10,150
634,10,168
635,10,36
636,10,14
637,10,185
638,10,149
639,10,222
640,10,38
641,10,50
642,10,135
643,10,176
644,10,29
645,10,113
646,10,276
647,10,179
648,10,96
649,10,81
650,10,205
651,10,145
652,10,166
653,10,219
654,10,222
655,10,286
656,10,52
657,10,293
658,10,35
659,10,279
660,10,246
661,10,110
662,10,155
663,10,46
664,10,15
665,10,189
666,10,147
667,10,126
668,10,4
669,10,251
670,10,288
671,10,175
672,10,274
673,10,185
674,10,286
675,10,146
676,10,207
677,10,206
678,10,117
679,10,240
680,10,236
681,10,23
682,10,107
683,10,252
684,10,28
685,10,61
686,10,91
687,10,87
688,10,42
689,10,90
690,10,234
691,10,51
692,10,148
693,10,238
694,10,172
695,10,170
696,10,20
697,10,157
698,10,33
699,10,284
700,10,245
701,10,240
702,10,60
703,10,86
704,10,219
705,10,193
706,10,17
707,10,267
708,10,101
709,10,72
710,10,57
711,10,258
712,10,285
713,10,52
714,10,84
715,10,193
716,10,79
717,10,12
718,10,154
719,10,211
720,10,239
721,10,9
722,10,142
723,10,168
724,10,216
725,10,98
726,10,290
727,10,277
728,10,249
729,10,7
730,10,92
731,10,17
732,10,40
733,10,214
734,10,70
735,10,286
736,10,113
737,10,199
738,10,132
739,10,223
740,10,102
741,10,144
742,10,209
743,10,178
744,10,16
745,10,152
746,10,211
747,10,152
748,10,83
749,10,90
750,10,275
751,10,280
752,10,15
753,10,233
754,10,273
755,10,240
756,10,276
757,10,273
758,10,17
759,10,261
760,10,53
761,10,78
762,10,76
763,10,9
764,10,7
765,10,278
766,10,258
767,10,192
768,10,27
769,10,234
770,10,166
771,10,57
772,10,299
773,10,135
774,10,266
775,10,96
776,10,10
777,10,30
778,10,132
779,10,112
780,10,91
781,10,234
782,10,177
783,10,41
784,10,296
785,10,187
786,10,110
787,10,250
788,10,254
789,10,54
790,10,294
791,10,183
792,10,234
793,10,130
794,10,298
795,10,180
796,10,108
797,10,36
798,10,172
799,10,108
800,10,47
801,10,238
802,10,250
803,10,66
804,10,50
805,10,205
806,10,80
807,10,179
808,10,138
809,10,145
810,10,90
811,10,65
812,10,49
813,10,286
814,10,274
815,10,7
816,10,85
817,10,172
818,10,89
819,10,180
820,10,152
821,10,279
822,10,8
823,10,138
824,10,50
825,10,32
826,10,237
827,10,217
828,10,85
829,10,166
830,10,124
831,10,86
832,10,162
833,10,143
834,10,12
835,10,223
836,10,243
837,10,224
838,10,226
839,10,142
840,10,165
841,10,130
842,10,110
843,10,292
844,10,48
845,10,146
846,10,158
847,10,154
848,10,20
849,10,57
850,10,98
851,10,254
852,10,96
853,10,87
854,10,96
855,10,183
856,10,122
857,10,84
858,10,14
859,10,126
860,10,152
861,10,225
862,10,189
863,10,223
864,10,220
865,10,53
866,10,272
867,10,78
868,10,194
869,10,108
870,10,256
871,10,34
872,10,297
873,10,20
874,10,203
875,10,64
876,10,167
877,10,166
878,10,227
879,10,230
880,10,223
881,10,102
882,10,198
883,10,194
884,10,186
885,10,30
886,10,213
887,10,144
888,10,134
889,10,9
890,10,289
891,10,48
892,10,156
893,10,156
894,10,284
895,10,212
896,10,266
897,10,283
898,10,168
899,10,282
900,10,119
901,10,66
902,10,220
903,10,228
904,10,24
905,10,253
906,10,58
907,10,171
908,10,25
909,10,126
910,10,184
911,10,85
912,10,64
913,10,132
914,10,47
915,10,144
916,10,37
917,10,204
918,10,176
919,10,238
920,10,223
921,10,36
922,10,133
923,10,224
924,10,112
925,10,142
926,10,118
927,10,237
928,10,252
929,10,103
930,10,271
931,10,292
932,10,71
933,10,84
934,10,196
935,10,184
936,10,227
937,10,235
938,10,275
939,10,153
940,10,257
941,10,159
942,10,225
943,10,263
944,10,39
945,10,236
946,10,4
947,10,170
948,10,166
949,10,92
950,10,292
951,10,139
952,10,37
953,10,81
954,10,50
955,10,299
956,10,46
957,10,23
958,10,263
959,10,168
960,10,61
961,10,95
962,10,84
963,10,190
964,10,211
965,10,182
966,10,129
967,10,135
968,10,125
969,10,58
970,10,245
971,10,219
972,10,30
973,10,168
974,10,91
975,10,34
976,10,230
977,10,247
978,10,56
979,10,206
980,10,127
981,10,97
982,10,136
983,10,274
984,10,179
985,10,37
986,10,111
987,10,102
988,10,53
989,10,77
990,10,263
991,10,93
992,10,163
993,10,240
994,10,197
995,10,35
996,10,148
997,10,27
998,10,184
999,10,163
1000,10,193
1001,11,163
1002,11,192
1003,11,225
1004,11,120
1005,11,139
1006,11,99
1007,11,182
1008,11,158
1009,11,31
1010,11,35
1011,11,14
1012,11,84
1013,11,65
1014,11,261
1015,11,268
1016,11,35
1017,11,163
1018,11,238
1019,11,174
1020,11,57
1021,11,298
1022,11,37
1023,11,283
1024,11,38
1025,11,278
1026,11,115
1027,11,19
1028,11,98
1029,11,287
1030,11,233
1031,11,33
1032,11,120
1033,11,62
1034,11,195
1035,11,120
1036,11,180
1037,11,57
1038,11,277
1039,11,111
1040,11,274
1041,11,237
1042,11,212
1043,11,141
1044,11,131
1045,11,173
1046,11,245
1047,11,231
1048,11,223
1049,11,138
1050,11,261
1051,11,42
1052,11,173
1053,11,134
1054,11,108
1055,11,133
1056,11,246
1057,11,92
1058,11,232
1059,11,185
1060,11,54
1061,11,114
1062,11,32
1063,11,48
1064,11,110
1065,11,20
1066,11,276
1067,11,230
1068,11,64
1069,11,283
1070,11,196
1071,11,152
1072,11,7
1073,11,77
1074,11,204
1075,11,207
1076,11,260
1077,11,4
1078,11,24
1079,11,299
1080,11,282
1081,11,283
1082,11,258
1083,11,58
1084,11,188
1085,11,43
1086,11,52
1087,11,49
1088,11,31
1089,11,77
1090,11,44
1091,11,218
1092,11,170
1093,11,106
1094,11,162
1095,11,55
1096,11,114
1097,11,163
1098,11,168
1099,11,101
1100,11,45
1101,11,42
1102,11,85
1103,11,131
1104,11,59
1105,11,247
1106,11,5
1107,11,285
1108,11,268
1109,11,3
1110,11,74
1111,11,12
1112,11,79
1113,11,86
1114,11,209
1115,11,151
1116,11,167
1117,11,15
1118,11,296
1119,11,237
1120,11,299
1121,11,289
1122,11,3
1123,11,223
1124,11,279
1125,11,251
1126,11,19
1127,11,222
1128,11,191
1129,11,212
1130,11,37
1131,11,189
1132,11,156
1133,11,175
1134,11,196
1135,11,286
1136,11,284
1137,11,258
1138,11,297
1139,11,40
1140,11,224
1141,11,292
1142,11,242
1143,11,284
1144,11,170
1145,11,155
1146,11,141
1147,11,176
1148,11,29
1149,11,214
1150,11,7
1151,11,3
1152,11,164
1153,11,184
1154,11,138
1155,11,166
1156,11,8
1157,11,38
1158,11,155
1159,11,224
1160,11,279
1161,11,131
1162,11,216
1163,11,238
1164,11,241
1165,11,81
1166,11,134
1167,11,53
1168,11,19
1169,11,246
1170,11,272
1171,11,238
1172,11,42
1173,11,57
1174,11,19
1175,11,290
1176,11,248
1177,11,152
1178,11,197
1179,11,298
1180,11,251
1181,11,178
1182,11,46
1183,11,49
1184,11,256
1185,11,48
1186,11,29
1187,11,251
1188,11,219
1189,11,297
1190,11,47
1191,11,179
1192,11,218
1193,11,143
1194,11,232
1195,11,183
1196,11,128
1197,11,56
1198,11,122
1199,11,87
1200,11,122
1201,11,204
1202,11,212
1203,11,281
1204,11,298
1205,11,54
1206,11,203
1207,11,31
1208,11,258
1209,11,160
1210,11,146
1211,11,122
1212,11,269
1213,11,288
1214,11,40
1215,11,21
1216,11,111
1217,11,88
1218,11,298
1219,11,67
1220,11,184
1221,11,84
1222,11,91
1223,11,239
1224,11,273
1225,11,114
1226,11,123
1227,11,24
1228,11,124
1229,11,73
1230,11,281
1231,11,143
1232,11,160
1233,11,37
1234,11,128
1235,11,259
1236,11,29
1237,11,95
1238,11,54
1239,11,107
1240,11,152
1241,11,197
1242,11,263
1243,11,172
1244,11,193
1245,11,288
1246,11,100
1247,11,174
1248,11,149
1249,11,295
1250,11,98
1251,11,213
1252,11,83
1253,11,169
1254,11,139
1255,11,154
1256,11,256
1257,11,241
1258,11,18
1259,11,222
1260,11,191
1261,11,80
1262,11,143
1263,11,236
1264,11,169
1265,11,228
1266,11,188
1267,11,27
1268,11,282
1269,11,18
1270,11,276
1271,11,181
1272,11,73
1273,11,197
1274,11,106
1275,11,142
1276,11,283
1277,11,152
1278,11,298
1279,11,25
1280,11,129
1281,11,268
1282,11,200
1283,11,44
1284,11,83
1285,11,237
1286,11,159
1287,11,217
1288,11,251
1289,11,8
1290,11,47
1291,11,271
1292,11,58
1293,11,22
1294,11,154
1295,11,34
1296,11,243
1297,11,104
1298,11,4
1299,11,34
1300,11,129
1301,11,38
1302,11,240
1303,11,158
1304,11,113
1305,11,47
1306,11,246
1307,11,24
1308,11,93
1309,11,272
1310,11,12
1311,11,108
1312,11,46
1313,11,252
1314,11,130
1315,11,192
1316,11,155
1317,11,70
1318,11,92
1319,11,121
1320,11,9
1321,11,212
1322,11,129
1323,11,155
1324,11,3
1325,11,35
1326,11,124
1327,11,266
1328,11,69
1329,11,96
1330,11,58
1331,11,150
1332,11,84
1333,11,236
1334,11,49
1335,11,97
1336,11,33
1337,11,212
1338,11,160
1339,11,256
1340,11,226
1341,11,78
1342,11,13
1343,11,295
1344,11,210
1345,11,237
1346,11,17
1347,11,167
1348,11,139
1349,11,253
1350,11,157
1351,11,153
1352,11,98
1353,11,286
1354,11,243
1355,11,263
1356,11,60
1357,11,10
1358,11,216
1359,11,245
1360,11,267
1361,11,265
1362,11,220
1363,11,48
1364,11,181
1365,11,298
1366,11,42
1367,11,195
1368,11,6
1369,11,135
1370,11,22
1371,11,262
1372,11,114
1373,11,72
1374,11,166
1375,11,143
1376,11,110
1377,11,184
1378,11,276
1379,11,191
1380,11,88
1381,11,81
1382,11,142
1383,11,251
1384,11,228
1385,11,271
1386,11,139
1387,11,137
1388,11,126
1389,11,127
1390,11,128
1391,11,65
1392,11,212
1393,11,291
1394,11,288
1395,11,190
1396,11,12
1397,11,287
1398,11,120
1399,11,73
1400,11,81
1401,11,138
1402,11,11
1403,11,169
1404,11,210
1405,11,209
1406,11,75
1407,11,99
1408,11,238
1409,11,247
1410,11,156
1411,11,113
1412,11,282
1413,11,158
1414,11,163
1415,11,250
1416,11,97
1417,11,28
1418,11,220
1419,11,292
1420,11,187
1421,11,148
1422,11,188
1423,11,76
1424,11,33
1425,11,286
1426,11,151
1427,11,119
1428,11,97
1429,11,221
1430,11,51
1431,11,59
1432,11,266
1433,11,226
1434,11,290
1435,11,149
1436,11,6
1437,11,39
1438,11,50
1439,11,229
1440,11,91
1441,11,216
1442,11,299
1443,11,90
1444,11,52
1445,11,295
1446,11,76
1447,11,242
1448,11,13
1449,11,222
1450,11,110
1451,11,175
1452,11,130
1453,11,100
1454,11,197
1455,11,222
1456,11,277
1457,11,255
1458,11,12
1459,11,0
1460,11,259
1461,11,96
1462,11,30
1463,11,149
1464,11,6
1465,11,209
1466,11,265
1467,11,246
1468,11,270
1469,11,202
1470,11,284
1471,11,161
1472,11,206
1473,11,35
1474,11,147
1475,11,33
1476,11,149
1477,11,228
1478,11,135
1479,11,279
1480,11,134
1481,11,108
1482,11,244
1483,11,240
1484,11,0
1485,11,208
1486,11,72
1487,11,100
1488,11,4
1489,11,182
1490,11,291
1491,11,36
1492,11,134
1493,11,207
1494,11,88
1495,11,81
1496,11,120
1497,11,207
1498,11,286
1499,11,9
1500,11,223
1501,11,154
1502,11,193
1503,11,243
1504,11,120
1505,11,75
1506,11,232
1507,11,267
1508,11,153
1509,11,235
1510,11,45
1511,11,238
1512,11,181
1513,11,228
1514,11,187
1515,11,26
1516,11,127
1517,11,232
1518,11,174
1519,11,50
1520,11,198
1521,11,258
1522,11,81
1523,11,180
1524,11,89
1525,11,188
1526,11,143
1527,11,200
1528,11,168
1529,11,292
1530,11,182
1531,11,150
1532,11,267
1533,11,28
1534,11,284
1535,11,274
1536,11,292
1537,11,292
1538,11,219
1539,11,185
1540,11,268
1541,11,103
1542,11,150
1543,11,263
1544,11,268
1545,11,46
1546,11,250
1547,11,214
1548,11,53
1549,11,89
1550,11,32
1551,11,112
1552,11,7
1553,11,210
1554,11,226
1555,11,5
1556,11,168
1557,11,220
1558,11,270
1559,11,246
1560,11,198
1561,11,170
1562,11,3
1563,11,30
1564,11,296
1565,11,46
1566,11,137
1567,11,38
1568,11,249
1569,11,235
1570,11,22
1571,11,17
1572,11,152
1573,11,177
1574,11,244
1575,11,34
1576,11,180
1577,11,145
1578,11,227
1579,11,218
1580,11,282
1581,11,128
1582,11,191
1583,11,64
1584,11,89
1585,11,127
1586,11,33
1587,11,205
1588,11,98
1589,11,97
1590,11,235
1591,11,72
1592,11,168
1593,11,154
1594,11,159
1595,11,247
1596,11,197
1597,11,33
1598,11,171
1599,11,56
1600,11,82
1601,11,119
1602,11,16
1603,11,183
1604,11,63
1605,11,201
1606,11,64
1607,11,147
1608,11,108
1609,11,206
1610,11,26
1611,11,17
1612,11,160
1613,11,210
1614,11,235
1615,11,53
1616,11,184
1617,11,17
1618,11,234
1619,11,2
1620,11,70
1621,11,17
1622,11,115
1623,11,25
1624,11,85
1625,11,270
1626,11,234
1627,11,228
1628,11,247
1629,11,15
1630,11,236
1631,11,290
1632,11,45
1633,11,115
1634,11,185
1635,11,193
1636,11,193
1637,11,156
1638,11,176
1639,11,16
1640,11,28
1641,11,201
1642,11,68
1643,11,89
1644,11,12
1645,11,235
1646,11,159
1647,11,294
1648,11,202
1649,11,214
1650,11,193
1651,11,295
1652,11,16
1653,11,228
1654,11,48
1655,11,207
1656,11,178
1657,11,224
1658,11,224
1659,11,114
1660,11,174
1661,11,110
1662,11,234
1663,11,277
1664,11,12
1665,11,140
1666,11,33
1667,11,15
1668,11,214
1669,11,146
1670,11,282
1671,11,281
1672,11,87
1673,11,225
1674,11,3
1675,11,70
1676,11,95
1677,11,267
1678,11,95
1679,11,71
1680,11,3
1681,11,191
1682,11,261
1683,11,122
1684,11,108
1685,11,237
1686,11,68
1687,11,45
1688,11,256
1689,11,221
1690,11,296
1691,11,132
1692,11,130
1693,11,230
1694,11,295
1695,11,85
1696,11,277
1697,11,169
1698,11,156
1699,11,130
1700,11,269
1701,11,17
1702,11,105
1703,11,27
1704,11,86
1705,11,24
1706,11,291
1707,11,259
1708,11,108
1709,11,185
1710,11,1
1711,11,277
1712,11,4
1713,11,15
1714,11,269
1715,11,116
1716,11,228
1717,11,241
1718,11,288
1719,11,22
1720,11,65
1721,11,250
1722,11,177
1723,11,273
1724,11,167
1725,11,291
1726,11,188
1727,11,56
1728,11,71
1729,11,243
1730,11,109
1731,11,101
1732,11,85
1733,11,245
1734,11,287
1735,11,196
1736,11,103
1737,11,41
1738,11,55
1739,11,238
1740,11,290
1741,11,76
1742,11,25
1743,11,42
1744,11,211
1745,11,138
1746,11,68
1747,11,19
1748,11,174
1749,11,66
1750,11,29
1751,11,104
1752,11,45
1753,11,68
1754,11,58
1755,11,112
1756,11,287
1757,11,69
1758,11,225
1759,11,40
1760,11,169
1761,11,23
1762,11,23
1763,11,294
1764,11,187
1765,11,263
1766,11,19
1767,11,97
1768,11,204
1769,11,37
1770,11,268
1771,11,118
1772,11,16
1773,11,167
1774,11,13
1775,11,119
1776,11,215
1777,11,41
1778,11,65
1779,11,9
1780,11,145
1781,11,187
1782,11,77
1783,11,258
1784,11,207
1785,11,154
1786,11,138
1787,11,287
1788,11,190
1789,11,89
1790,11,195
1791,11,28
1792,11,216
1793,11,284
1794,11,291
1795,11,133
1796,11,134
1797,11,281
1798,11,178
1799,11,224
1800,11,64
1801,11,274
1802,11,214
1803,11,130
1804,11,40
1805,11,35
1806,11,158
1807,11,276
1808,11,43
1809,11,160
1810,11,262
1811,11,213
1812,11,91
1813,11,112
1814,11,223
1815,11,249
1816,11,261
1817,11,100
1818,11,219
1819,11,58
1820,11,299
1821,11,80
1822,11,144
1823,11,65
1824,11,14
1825,11,17
1826,11,288
1827,11,67
1828,11,197
1829,11,268
1830,11,154
1831,11,251
1832,11,132
1833,11,204
1834,11,250
1835,11,263
1836,11,52
1837,11,262
1838,11,4
1839,11,155
1840,11,206
1841,11,213
1842,11,75
1843,11,190
1844,11,8
1845,11,159
1846,11,226
1847,11,162
1848,11,73
1849,11,146
1850,11,158
1851,11,268
1852,11,47
1853,11,90
1854,11,164
1855,11,16
1856,11,111
1857,11,35
1858,11,144
1859,11,163
1860,11,235
1861,11,153
1862,11,141
1863,11,14
1864,11,228
1865,11,132
1866,11,32
1867,11,150
1868,11,137
1869,11,119
1870,11,55
1871,11,13
1872,11,140
1873,11,189
1874,11,137
1875,11,113
1876,11,248
1877,11,63
1878,11,121
1879,11,66
1880,11,28
1881,11,145
1882,11,170
1883,11,271
1884,11,263
1885,11,43
1886,11,248
1887,11,131
1888,11,21
1889,11,270
1890,11,244
1891,11,120
1892,11,29
1893,11,110
1894,11,182
1895,11,266
1896,11,71
1897,11,279
1898,11,92
1899,11,157
1900,11,147
1901,11,215
1902,11,146
1903,11,27
1904,11,115
1905,11,212
1906,11,40
1907,11,65
1908,11,95
1909,11,225
1910,11,132
1911,11,221
1912,11,105
1913,11,70
1914,11,218
1915,11,182
1916,11,5
1917,11,55
1918,11,86
1919,11,151
1920,11,286
1921,11,149
1922,11,48
1923,11,202
1924,11,148
1925,11,50
1926,11,76
1927,11,293
1928,11,118
1929,11,29
1930,11,149
1931,11,73
1932,11,151
1933,11,115
1934,11,51
1935,11,126
1936,11,226
1937,11,24
1938,11,105
1939,11,51
1940,11,237
1941,11,199
1942,11,180
1943,11,233
1944,11,242
1945,11,95
1946,11,180
1947,11,117
1948,11,230
1949,11,177
1950,11,211
1951,11,77
1952,11,109
1953,11,276
1954,11,253
1955,11,124
1956,11,57
1957,11,189
1958,11,230
1959,11,128
1960,11,71
1961,11,76
1962,11,7
1963,11,74
1964,11,133
1965,11,195
1966,11,29
1967,11,7
1968,11,92
1969,11,22
1970,11,44
1971,11,284
1972,11,119
1973,11,209
1974,11,150
1975,11,71
1976,11,180
1977,11,272
1978,11,7
1979,11,18
1980,11,221
1981,11,167
1982,11,143
1983,11,98
1984,11,129
1985,11,67
1986,11,2
1987,11,235
1988,11,161
1989,11,169
1990,11,280
1991,11,86
1992,11,99
1993,11,68
1994,11,109
1995,11,158
1996,11,169
1997,11,214
1998,11,114
1999,11,107
2000,11,242
2001,12,253
2002,12,209
2003,12,32
2004,12,115
2005,12,52
2006,12,175
2007,12,201
2008,12,27
2009,12,183
2010,12,193
2011,12,176
2012,12,96
2013,12,58
2014,12,72
2015,12,80
2016,12,285
2017,12,68
2018,12,110
2019,12,291
2020,12,60
2021,12,53
2022,12,289
2023,12,217
2024,12,228
2025,12,299
2026,12,86
2027,12,24
2028,12,247
2029,12,259
2030,12,191
2031,12,107
2032,12,197
2033,12,148
2034,12,180
2035,12,58
2036,12,4
2037,12,45
2038,12,173
2039,12,58
2040,12,62
2041,12,86
2042,12,79
2043,12,181
2044,12,281
2045,12,183
2046,12,258
2047,12,167
2048,12,222
2049,12,297
2050,12,26
2051,12,77
2052,12,81
2053,12,284
2054,12,259
2055,12,161
2056,12,219
2057,12,11
2058,12,111
2059,12,74
2060,12,139
2061,12,190
2062,12,265
2063,12,67
2064,12,289
2065,12,118
2066,12,215
2067,12,208
2068,12,193
2069,12,95
2070,12,251
2071,12,183
2072,12,80
2073,12,141
2074,12,163
2075,12,70
2076,12,234
2077,12,40
2078,12,262
2079,12,248
2080,12,173
2081,12,292
2082,12,128
2083,12,105
2084,12,206
2085,12,123
2086,12,61
2087,12,136
2088,12,171
2089,12,60
2090,12,220
2091,12,270
2092,12,284
2093,12,48
2094,12,170
2095,12,220
2096,12,127
2097,12,34
2098,12,209
2099,12,143
2100,12,142
2101,12,80
2102,12,85
2103,12,83
2104,12,140
2105,12,262
2106,12,248
2107,12,83
2108,12,165
2109,12,195
2110,12,150
2111,12,43
2112,12,233
2113,12,42
2114,12,49
2115,12,264
2116,12,82
2117,12,70
2118,12,33
2119,12,197
2120,12,261
2121,12,189
2122,12,253
2123,12,262
2124,12,267
2125,12,248
2126,12,157
2127,12,0
2128,12,195
2129,12,132
2130,12,132
2131,12,207
2132,12,257
2133,12,272
2134,12,159
2135,12,56
2136,12,18
2137,12,30
2138,12,109
2139,12,218
2140,12,296
2141,12,96
2142,12,131
2143,12,180
2144,12,271
2145,12,218
2146,12,102
2147,12,22
2148,12,83
2149,12,264
2150,12,170
2151,12,242
2152,12,164
2153,12,92
2154,12,130
2155,12,10
2156,12,18
2157,12,215
2158,12,44
2159,12,277
2160,12,67
2161,12,266
2162,12,45
2163,12,264
2164,12,268
2165,12,6
2166,12,56
2167,12,50
2168,12,71
2169,12,231
2170,12,257
2171,12,220
2172,12,205
2173,12,196
2174,12,105
2175,12,136
2176,12,285
2177,12,5
2178,12,134
2179,12,25
2180,12,179
2181,12,59
2182,12,231
2183,12,255
2184,12,114
2185,12,106
2186,12,211
2187,12,277
2188,12,90
2189,12,168
2190,12,151
2191,12,18
2192,12,152
2193,12,272
2194,12,98
2195,12,66
2196,12,134
2197,12,84
2198,12,107
2199,12,12
2200,12,297
2201,12,254
2202,12,264
2203,12,222
2204,12,230
2205,12,213
2206,12,243
2207,12,296
2208,12,33
2209,12,18
2210,12,174
2211,12,21
2212,12,217
2213,12,83
2214,12,265
2215,12,243
2216,12,223
2217,12,286
2218,12,187
2219,12,129
2220,12,31
2221,12,112
2222,12,173
2223,12,54
2224,12,61
2225,12,104
2226,12,86
2227,12,286
2228,12,214
2229,12,10
2230,12,280
2231,12,190
2232,12,48
2233,12,168
2234,12,261
2235,12,113
2236,12,102
2237,12,92
2238,12,51
2239,12,20
2240,12,254
2241,12,282
2242,12,142
2243,12,182
2244,12,75
2245,12,156
2246,12,25
2247,12,294
2248,12,69
2249,12,177
2250,12,216
2251,12,225
2252,12,31
2253,12,283
2254,12,230
2255,12,68
2256,12,54
2257,12,193
2258,12,153
2259,12,161
2260,12,25
2261,12,45
2262,12,173
2263,12,13
2264,12,151
2265,12,93
2266,12,125
2267,12,241
2268,12,248
2269,12,16
2270,12,58
2271,12,17
2272,12,66
2273,12,67
2274,12,90
2275,12,260
2276,12,150
2277,12,94
2278,12,159
2279,12,181
2280,12,288
2281,12,70
2282,12,32
2283,12,108
2284,12,214
2285,12,50
2286,12,40
2287,12,50
2288,12,57
2289,12,256
2290,12,179
2291,12,20
2292,12,49
2293,12,285
2294,12,50
2295,12,134
2296,12,159
2297,12,44
2298,12,23
2299,12,37
2300,12,80
2301,12,139
2302,12,80
2303,12,268
2304,12,64
2305,12,258
2306,12,201
2307,12,68
2308,12,240
2309,12,126
2310,12,145
2311,12,38
2312,12,126
2313,12,249
2314,12,77
2315,12,224
2316,12,191
2317,12,9
2318,12,52
2319,12,115
2320,12,234
2321,12,156
2322,12,0
2323,12,128
2324,12,217
2325,12,200
2326,12,174
2327,12,164
2328,12,142
2329,12,176
2330,12,270
2331,12,50
2332,12,273
2333,12,223
2334,12,220
2335,12,246
2336,12,30
2337,12,104
2338,12,227
2339,12,258
2340,12,157
2341,12,133
2342,12,70
2343,12,290
2344,12,25
2345,12,151
2346,12,65
2347,12,296
2348,12,278
2349,12,273
2350,12,166
2351,12,222
2352,12,196
2353,12,215
2354,12,230
2355,12,158
2356,12,2
2357,12,219
2358,12,168
2359,12,243
2360,12,46
2361,12,284
2362,12,55
2363,12,252
2364,12,81
2365,12,14
2366,12,183
2367,12,34
2368,12,180
2369,12,264
2370,12,31
2371,12,8
2372,12,246
2373,12,267
2374,12,253
2375,12,95
2376,12,207
2377,12,210
2378,12,127
2379,12,6
2380,12,241
2381,12,246
2382,12,82
2383,12,206
2384,12,31
2385,12,41
2386,12,42
2387,12,239
2388,12,87
2389,12,45
2390,12,269
2391,12,294
2392,12,132
2393,12,34
2394,12,267
2395,12,245
2396,12,23
2397,12,241
2398,12,146
2399,12,194
2400,12,270
2401,12,245
2402,12,118
2403,12,21
2404,12,201
2405,12,66
2406,12,22
2407,12,123
2408,12,92
2409,12,8
2410,12,195
2411,12,269
2412,12,2
2413,12,176
2414,12,145
2415,12,270
2416,12,110
2417,12,4
2418,12,136
2419,12,223
2420,12,203
2421,12,39
2422,12,274
2423,12,36
2424,12,119
2425,12,230
2426,12,254
2427,12,49
2428,12,174
2429,12,5
2430,12,214
2431,12,135
2432,12,235
2433,12,170
2434,12,241
2435,12,106
2436,12,8
2437,12,267
2438,12,252
2439,12,270
2440,12,221
2441,12,58
2442,12,182
2443,12,161
2444,12,186
2445,12,244
2446,12,122
2447,12,1
2448,12,8
2449,12,185
2450,12,82
2451,12,243
2452,12,189
2453,12,192
2454,12,125
2455,12,135
2456,12,143
2457,12,200
2458,12,171
2459,12,94
2460,12,57
2461,12,40
2462,12,275
2463,12,27
2464,12,107
2465,12,201
2466,12,154
2467,12,198
2468,12,217
2469,12,247
2470,12,178
2471,12,96
2472,12,177
2473,12,88
2474,12,214
2475,12,51
2476,12,251
2477,12,229
2478,12,100
2479,12,69
2480,12,259
2481,12,62
2482,12,277
2483,12,198
2484,12,278
2485,12,250
2486,12,293
2487,12,13
2488,12,102
2489,12,50
2490,12,230
2491,12,261
2492,12,213
2493,12,112
2494,12,254
2495,12,142
2496,12,188
2497,12,83
2498,12,101
2499,12,297
2500,12,96
2501,12,219
2502,12,168
2503,12,287
2504,12,245
2505,12,113
2506,12,188
2507,12,170
2508,12,24
2509,12,175
2510,12,270
2511,12,99
2512,12,224
2513,12,53
2514,12,156
2515,12,263
2516,12,160
2517,12,57
2518,12,293
2519,12,191
2520,12,163
2521,12,35
2522,12,182
2523,12,74
2524,12,78
2525,12,184
2526,12,202
2527,12,93
2528,12,255
2529,12,9
2530,12,248
2531,12,53
2532,12,97
2533,12,192
2534,12,105
2535,12,186
2536,12,11
2537,12,52
2538,12,72
2539,12,276
2540,12,267
2541,12,155
2542,12,159
2543,12,69
2544,12,138
2545,12,12
2546,12,265
2547,12,156
2548,12,196
2549,12,45
2550,12,37
2551,12,72
2552,12,17
2553,12,64
2554,12,256
2555,12,281
2556,12,125
2557,12,243
2558,12,37
2559,12,40
2560,12,285
2561,12,199
2562,12,114
2563,12,60
2564,12,132
2565,12,76
2566,12,181
2567,12,294
2568,12,17
2569,12,290
2570,12,105
2571,12,173
2572,12,72
2573,12,248
2574,12,51
2575,12,85
2576,12,78
2577,12,104
2578,12,265
2579,12,253
2580,12,143
2581,12,151
2582,12,149
2583,12,286
2584,12,0
2585,12,40
2586,12,286
2587,12,256
2588,12,93
2589,12,217
2590,12,143
2591,12,203
2592,12,266
2593,12,222
2594,12,106
2595,12,263
2596,12,235
2597,12,253
2598,12,127
2599,12,88
2600,12,201
2601,12,245
2602,12,248
2603,12,31
2604,12,123
2605,12,191
2606,12,102
2607,12,265
2608,12,42
2609,12,27
2610,12,248
2611,12,268
2612,12,46
2613,12,188
2614,12,105
2615,12,209
2616,12,295
2617,12,176
2618,12,9
2619,12,11
2620,12,169
2621,12,239
2622,12,71
2623,12,169
2624,12,67
2625,12,50
2626,12,217
2627,12,236
2628,12,163
2629,12,271
2630,12,117
2631,12,274
2632,12,184
2633,12,180
2634,12,145
2635,12,66
2636,12,158
2637,12,289
2638,12,28
2639,12,252
2640,12,187
2641,12,299
2642,12,173
2643,12,30
2644,12,121
2645,12,284
2646,12,281
2647,12,62
2648,12,133
2649,12,247
2650,12,143
2651,12,119
2652,12,244
2653,12,211
2654,12,282
2655,12,247
2656,12,150
2657,12,96
2658,12,77
2659,12,173
2660,12,127
2661,12,118
2662,12,116
2663,12,287
2664,12,144
2665,12,6
2666,12,48
2667,12,80
2668,12,176
2669,12,96
2670,12,291
2671,12,60
2672,12,34
2673,12,118
2674,12,143
2675,12,279
2676,12,116
2677,12,19
2678,12,223
2679,12,20
2680,12,273
2681,12,83
2682,12,78
2683,12,107
2684,12,276
2685,12,58
2686,12,203
2687,12,100
2688,12,104
2689,12,163
2690,12,249
2691,12,68
2692,12,61
2693,12,208
2694,12,286
2695,12,247
2696,12,280
2697,12,151
2698,12,290
2699,12,14
2700,12,287
2701,12,68
2702,12,9
2703,12,259
2704,12,64
2705,12,235
2706,12,273
2707,12,173
2708,12,142
2709,12,17
2710,12,3
2711,12,13
2712,12,297
2713,12,216
2714,12,48
2715,12,245
2716,12,160
2717,12,33
2718,12,153
2719,12,119
2720,12,248
2721,12,202
2722,12,75
2723,12,197
2724,12,168
2725,12,26
2726,12,18
2727,12,54
2728,12,119
2729,12,227
2730,12,255
2731,12,74
2732,12,35
2733,12,210
2734,12,245
2735,12,22
2736,12,208
2737,12,73
2738,12,289
2739,12,163
2740,12,284
2741,12,78
2742,12,291
2743,12,149
2744,12,173
2745,12,296
2746,12,28
2747,12,27
2748,12,214
2749,12,165
2750,12,240
2751,12,259
2752,12,6
2753,12,281
2754,12,103
2755,12,208
2756,12,218
2757,12,101
2758,12,179
2759,12,47
2760,12,64
2761,12,152
2762,12,270
2763,12,37
2764,12,18
2765,12,194
2766,12,275
2767,12,47
2768,12,14
2769,12,122
2770,12,23
2771,12,10
2772,12,275
2773,12,8
2774,12,22
2775,12,79
2776,12,264
2777,12,191
2778,12,53
2779,12,197
2780,12,271
2781,12,276
2782,12,86
2783,12,3
2784,12,27
2785,12,114
2786,12,28
2787,12,34
2788,12,240
2789,12,70
2790,12,273
2791,12,0
2792,12,37
2793,12,116
2794,12,172
2795,12,106
2796,12,72
2797,12,242
2798,12,136
2799,12,59
2800,12,298
2801,12,11
2802,12,229
2803,12,299
2804,12,235
2805,12,141
2806,12,13
2807,12,118
2808,12,33
2809,12,108
2810,12,56
2811,12,16
2812,12,99
2813,12,261
2814,12,1
2815,12,15
2816,12,227
2817,12,47
2818,12,289
2819,12,199
2820,12,290
2821,12,47
2822,12,27
2823,12,186
2824,12,174
2825,12,187
2826,12,106
2827,12,58
2828,12,168
2829,12,59
2830,12,158
2831,12,244
2832,12,188
2833,12,190
2834,12,34
2835,12,201
2836,12,214
2837,12,276
2838,12,187
2839,12,45
2840,12,64
2841,12,286
2842,12,16
2843,12,212
2844,12,139
2845,12,104
2846,12,74
2847,12,15
2848,12,215
2849,12,239
2850,12,153
2851,12,228
2852,12,108
2853,12,188
2854,12,249
2855,12,166
2856,12,55
2857,12,293
2858,12,222
2859,12,31
2860,12,63
2861,12,82
2862,12,260
2863,12,68
2864,12,144
2865,12,54
2866,12,198
2867,12,162
2868,12,43
2869,12,111
2870,12,29
2871,12,6
2872,12,60
2873,12,134
2874,12,259
2875,12,269
2876,12,290
2877,12,104
2878,12,159
2879,12,184
2880,12,80
2881,12,202
2882,12,83
2883,12,80
2884,12,279
2885,12,150
2886,12,45
2887,12,11
2888,12,274
2889,12,285
2890,12,293
2891,12,233
2892,12,76
2893,12,61
2894,12,96
2895,12,250
2896,12,265
2897,12,73
2898,12,285
2899,12,162
2900,12,143
2901,12,264
2902,12,271
2903,12,216
2904,12,227
2905,12,163
2906,12,33
2907,12,117
2908,12,246
2909,12,215
2910,12,61
2911,12,32
2912,12,284
2913,12,127
2914,12,176
2915,12,241
2916,12,48
2917,12,200
2918,12,13
2919,12,180
2920,12,93
2921,12,106
2922,12,204
2923,12,271
2924,12,127
2925,12,277
2926,12,98
2927,12,151
2928,12,219
2929,12,177
2930,12,241
2931,12,104
2932,12,228
2933,12,38
2934,12,272
2935,12,178
2936,12,36
2937,12,7
2938,12,30
2939,12,258
2940,12,25
2941,12,167
2942,12,156
2943,12,261
2944,12,117
2945,12,244
2946,12,204
2947,12,281
2948,12,292
2949,12,45
2950,12,275
2951,12,111
2952,12,51
2953,12,244
2954,12,112
2955,12,291
2956,12,144
2957,12,140
2958,12,55
2959,12,281
2960,12,206
2961,12,229
2962,12,235
2963,12,91
2964,12,19
2965,12,25
2966,12,105
2967,12,210
2968,12,286
2969,12,113
2970,12,54
2971,12,109
2972,12,100
2973,12,265
2974,12,277
2975,12,16
2976,12,34
2977,12,46
2978,12,130
2979,12,90
2980,12,75
2981,12,47
2982,12,95
2983,12,128
2984,12,233
2985,12,130
2986,12,193
2987,12,187
2988,12,45
2989,12,45
2990,12,227
2991,12,271
2992,12,131
2993,12,60
2994,12,98
2995,12,23
2996,12,96
2997,12,16
2998,12,18
2999,12,124
3000,12,32
3001,13,115
3002,13,196
3003,13,256
3004,13,282
3005,13,249
3006,13,291
3007,13,148
3008,13,63
3009,13,261
3010,13,295
3011,13,8
3012,13,261
3013,13,177
3014,13,53
3015,13,43
3016,13,270
3017,13,7
3018,13,130
3019,13,54
3020,13,276
3021,13,213
3022,13,171
3023,13,84
3024,13,238
3025,13,251
3026,13,269
3027,13,204
3028,13,199
3029,13,199
3030,13,145
3031,13,247
3032,13,66
3033,13,199
3034,13,254
3035,13,237
3036,13,188
3037,13,66
3038,13,111
3039,13,213
3040,13,137
3041,13,116
3042,13,19
3043,13,94
3044,13,145
3045,13,122
3046,13,179
3047,13,80
3048,13,173
3049,13,246
3050,13,129
3051,13,36
3052,13,65
3053,13,173
3054,13,259
3055,13,52
3056,13,299
3057,13,288
3058,13,71
3059,13,119
3060,13,46
3061,13,231
3062,13,270
3063,13,141
3064,13,87
3065,13,170
3066,13,133
3067,13,279
3068,13,78
3069,13,294
3070,13,112
3071,13,124
3072,13,217
3073,13,89
3074,13,281
3075,13,112
3076,13,191
3077,13,10
3078,13,53
3079,13,121
3080,13,188
3081,13,55
3082,13,92
3083,13,152
3084,13,18
3085,13,86
3086,13,23
3087,13,93
3088,13,128
3089,13,97
3090,13,221
3091,13,113
3092,13,153
3093,13,127
3094,13,235
3095,13,88
3096,13,125
3097,13,133
3098,13,109
3099,13,244
3100,13,280
3101,13,263
3102,13,22
3103,13,15
3104,13,154
3105,13,118
3106,13,194
3107,13,45
3108,13,193
3109,13,252
3110,13,286
3111,13,96
3112,13,52
3113,13,46
3114,13,204
3115,13,280
3116,13,42
3117,13,25
3118,13,68
3119,13,63
3120,13,55
3121,13,43
3122,13,173
3123,13,79
3124,13,94
3125,13,206
3126,13,160
3127,13,52
3128,13,125
3129,13,126
3130,13,246
3131,13,148
3132,13,216
3133,13,46
3134,13,247
3135,13,262
3136,13,253
3137,13,191
3138,13,136
3139,13,135
3140,13,162
3141,13,276
3142,13,208
3143,13,3
3144,13,266
3145,13,216
3146,13,197
3147,13,286
3148,13,112
3149,13,185
3150,13,17
3151,13,31
3152,13,170
3153,13,268
3154,13,265
3155,13,273
3156,13,152
3157,13,289
3158,13,294
3159,13,240
3160,13,150
3161,13,50
3162,13,270
3163,13,98
3164,13,232
3165,13,81
3166,13,105
3167,13,228
3168,13,289
3169,13,259
3170,13,283
3171,13,216
3172,13,116
3173,13,119
3174,13,156
3175,13,25
3176,13,73
3177,13,72
3178,13,152
3179,13,56
3180,13,204
3181,13,288
3182,13,240
3183,13,48
3184,13,70
3185,13,13
3186,13,63
3187,13,119
3188,13,223
3189,13,194
3190,13,207
3191,13,113
3192,13,78
3193,13,39
3194,13,57
3195,13,37
3196,13,26
3197,13,28
3198,13,285
3199,13,202
3200,13,231
3201,13,237
3202,13,125
3203,13,43
3204,13,62
3205,13,265
3206,13,129
3207,13,55
3208,13,140
3209,13,105
3210,13,251
3211,13,146
3212,13,12
3213,13,8
3214,13,138
3215,13,80
3216,13,83
3217,13,107
3218,13,53
3219,13,259
3220,13,279
3221,13,79
3222,13,224
3223,13,280
3224,13,247
3225,13,237
3226,13,217
3227,13,5
3228,13,241
3229,13,117
3230,13,285
3231,13,256
3232,13,260
3233,13,42
3234,13,5
3235,13,133
3236,13,112
3237,13,110
3238,13,211
3239,13,152
3240,13,127
3241,13,14
3242,13,0
3243,13,43
3244,13,192
3245,13,211
3246,13,191
3247,13,86
3248,13,226
3249,13,181
3250,13,289
3251,13,152
3252,13,171
3253,13,39
3254,13,130
3255,13,267
3256,13,182
3257,13,90
3258,13,10
3259,13,201
3260,13,13
3261,13,232
3262,13,281
3263,13,154
3264,13,30
3265,13,158
3266,13,166
3267,13,274
3268,13,75
3269,13,114
3270,13,123
3271,13,136
3272,13,113
3273,13,16
3274,13,112
3275,13,80
3276,13,163
3277,13,297
3278,13,207
3279,13,156
3280,13,143
3281,13,105
3282,13,239
3283,13,214
3284,13,161
3285,13,205
3286,13,75
3287,13,280
3288,13,200
3289,13,48
3290,13,144
3291,13,113
3292,13,4
3293,13,75
3294,13,119
3295,13,107
3296,13,82
3297,13,36
3298,13,208
3299,13,273
3300,13,296
3301,13,251
3302,13,48
3303,13,83
3304,13,273
3305,13,231
3306,13,188
3307,13,95
3308,13,286
3309,13,288
3310,13,99
3311,13,180
3312,13,295
3313,13,158
3314,13,184
3315,13,157
3316,13,6
3317,13,72
3318,13,278
3319,13,268
3320,13,181
3321,13,152
3322,13,77
3323,13,60
3324,13,176
3325,13,234
3326,13,93
3327,13,136
3328,13,182
3329,13,250
3330,13,161
3331,13,59
3332,13,294
3333,13,25
3334,13,66
3335,13,158
3336,13,147
3337,13,174
3338,13,100
3339,13,205
3340,13,219
3341,13,192
3342,13,150
3343,13,253
3344,13,215
3345,13,101
3346,13,177
3347,13,160
3348,13,129
3349,13,63
3350,13,30
3351,13,281
3352,13,242
3353,13,248
3354,13,238
3355,13,105
3356,13,236
3357,13,286
3358,13,126
3359,13,37
3360,13,155
3361,13,75
3362,13,72
3363,13,31
3364,13,1
3365,13,174
3366,13,292
3367,13,27
3368,13,255
3369,13,7
3370,13,143
3371,13,253
3372,13,221
3373,13,215
3374,13,140
3375,13,71
3376,13,294
3377,13,263
3378,13,296
3379,13,240
3380,13,160
3381,13,197
3382,13,138
3383,13,40
3384,13,263
3385,13,151
3386,13,98
3387,13,216
3388,13,290
3389,13,21
3390,13,208
3391,13,12
3392,13,278
3393,13,158
3394,13,126
3395,13,284
3396,13,7
3397,13,199
3398,13,194
3399,13,126
3400,13,156
3401,13,110
3402,13,138
3403,13,181
3404,13,154
3405,13,72
3406,13,271
3407,13,271
3408,13,129
3409,13,64
3410,13,265
3411,13,101
3412,13,251
3413,13,65
3414,13,213
3415,13,159
3416,13,259
3417,13,201
3418,13,11
3419,13,21
3420,13,76
3421,13,50
3422,13,212
3423,13,225
3424,13,155
3425,13,27
3426,13,21
3427,13,82
3428,13,291
3429,13,222
3430,13,242
3431,13,35
3432,13,152
3433,13,80
3434,13,86
3435,13,190
3436,13,139
3437,13,118
3438,13,99
3439,13,58
3440,13,72
3441,13,261
3442,13,91
3443,13,126
3444,13,211
3445,13,129
3446,13,294
3447,13,60
3448,13,31
3449,13,27
3450,13,208
3451,13,164
3452,13,202
3453,13,73
3454,13,174
3455,13,81
3456,13,23
3457,13,88
3458,13,48
3459,13,179
3460,13,91
3461,13,72
3462,13,14
3463,13,197
3464,13,3
3465,13,188
3466,13,203
3467,13,213
3468,13,298
3469,13,33
3470,13,211
3471,13,29
3472,13,226
3473,13,46
3474,13,97
3475,13,215
3476,13,121
3477,13,233
3478,13,68
3479,13,66
3480,13,97
3481,13,57
3482,13,176
3483,13,279
3484,13,46
3485,13,96
3486,13,3
3487,13,189
3488,13,49
3489,13,257
3490,13,133
3491,13,63
3492,13,251
3493,13,102
3494,13,22
3495,13,11
3496,13,165
3497,13,55
3498,13,149
3499,13,16
3500,13,299
3501,13,65
3502,13,42
3503,13,177
3504,13,118
3505,13,24
3506,13,8
3507,13,14
3508,13,49
3509,13,71
3510,13,0
3511,13,125
3512,13,136
3513,13,190
3514,13,55
3515,13,111
3516,13,188
3517,13,267
3518,13,12
3519,13,66
3520,13,236
3521,13,149
3522,13,275
3523,13,74
3524,13,95
3525,13,101
3526,13,44
3527,13,63
3528,13,63
3529,13,158
3530,13,228
3531,13,31
3532,13,140
3533,13,105
3534,13,262
3535,13,270
3536,13,142
3537,13,143
3538,13,128
3539,13,255
3540,13,103
3541,13,120
3542,13,276
3543,13,17
3544,13,299
3545,13,143
3546,13,229
3547,13,254
3548,13,231
3549,13,127
3550,13,265
3551,13,125
3552,13,43
3553,13,253
3554,13,63
3555,13,227
3556,13,179
3557,13,132
3558,13,13
3559,13,100
3560,13,61
3561,13,213
3562,13,40
3563,13,208
3564,13,265
3565,13,71
3566,13,14
3567,13,225
3568,13,99
3569,13,151
3570,13,242
3571,13,93
3572,13,47
3573,13,299
3574,13,114
3575,13,18
3576,13,186
3577,13,284
3578,13,111
3579,13,37
3580,13,5
3581,13,281
3582,13,152
3583,13,174
3584,13,173
3585,13,132
3586,13,88
3587,13,281
3588,13,79
3589,13,36
3590,13,253
3591,13,262
3592,13,141
3593,13,201
3594,13,268
3595,13,5
3596,13,80
3597,13,48
3598,13,2
3599,13,175
3600,13,48
3601,13,156
3602,13,175
3603,13,274
3604,13,80
3605,13,25
3606,13,108
3607,13,49
3608,13,215
3609,13,131
3610,13,129
3611,13,239
3612,13,7
3613,13,57
3614,13,37
3615,13,34
3616,13,25
3617,13,56
3618,13,149
3619,13,150
3620,13,277
3621,13,31
3622,13,149
3623,13,73
3624,13,70
3625,13,81
3626,13,132
3627,13,294
3628,13,30
3629,13,258
3630,13,62
3631,13,214
3632,13,111
3633,13,147
3634,13,146
3635,13,48
3636,13,248
3637,13,277
3638,13,210
3639,13,264
3640,13,248
3641,13,56
3642,13,123
3643,13,102
3644,13,81
3645,13,200
3646,13,178
3647,13,151
3648,13,101
3649,13,81
3650,13,148
3651,13,271
3652,13,70
3653,13,292
3654,13,43
3655,13,224
3656,13,38
3657,13,299
3658,13,232
3659,13,107
3660,13,270
3661,13,228
3662,13,265
3663,13,264
3664,13,15
3665,13,173
3666,13,181
3667,13,139
3668,13,203
3669,13,46
3670,13,239
3671,13,246
3672,13,137
3673,13,216
3674,13,86
3675,13,188
3676,13,31
3677,13,194
3678,13,9
3679,13,44
3680,13,152
3681,13,199
3682,13,106
3683,13,107
3684,13,150
3685,13,120
3686,13,40
3687,13,227
3688,13,68
3689,13,222
3690,13,184
3691,13,263
3692,13,48
3693,13,101
3694,13,189
3695,13,292
3696,13,177
3697,13,114
3698,13,291
3699,13,76
3700,13,208
3701,13,42
3702,13,279
3703,13,285
3704,13,200
3705,13,160
3706,13,53
3707,13,203
3708,13,31
3709,13,258
3710,13,270
3711,13,149
3712,13,20
3713,13,138
3714,13,31
3715,13,166
3716,13,86
3717,13,144
3718,13,168
3719,13,28
3720,13,172
3721,13,202
3722,13,84
3723,13,169
3724,13,283
3725,13,243
3726,13,276
3727,13,295
3728,13,117
3729,13,236
3730,13,107
3731,13,259
3732,13,84
3733,13,77
3734,13,246
3735,13,250
3736,13,219
3737,13,179
3738,13,116
3739,13,74
3740,13,128
3741,13,81
3742,13,201
3743,13,269
3744,13,186
3745,13,115
3746,13,177
3747,13,171
3748,13,156
3749,13,288
3750,13,261
3751,13,32
3752,13,298
3753,13,80
3754,13,49
3755,13,170
3756,13,24
3757,13,157
3758,13,160
3759,13,75
3760,13,135
3761,13,232
3762,13,89
3763,13,269
3764,13,18
3765,13,110
3766,13,197
3767,13,183
3768,13,66
3769,13,12
3770,13,250
3771,13,59
3772,13,78
3773,13,214
3774,13,50
3775,13,68
3776,13,61
3777,13,109
3778,13,103
3779,13,108
3780,13,280
3781,13,289
3782,13,238
3783,13,112
3784,13,297
3785,13,36
3786,13,155
3787,13,249
3788,13,192
3789,13,97
3790,13,264
3791,13,219
3792,13,95
3793,13,73
3794,13,280
3795,13,230
3796,13,255
3797,13,120
3798,13,91
3799,13,224
3800,13,144
3801,13,252
3802,13,109
3803,13,283
3804,13,133
3805,13,4
3806,13,148
3807,13,280
3808,13,27
3809,13,279
3810,13,230
3811,13,282
3812,13,42
3813,13,120
3814,13,170
3815,13,153
3816,13,49
3817,13,66
3818,13,196
3819,13,67
3820,13,15
3821,13,65
3822,13,150
3823,13,41
3824,13,201
3825,13,235
3826,13,180
3827,13,157
3828,13,231
3829,13,222
3830,13,1
3831,13,168
3832,13,298
3833,13,197
3834,13,125
3835,13,267
3836,13,204
3837,13,210
3838,13,80
3839,13,177
3840,13,87
3841,13,63
3842,13,299
3843,13,144
3844,13,33
3845,13,39
3846,13,132
3847,13,125
3848,13,89
3849,13,122
3850,13,223
3851,13,284
3852,13,117
3853,13,200
3854,13,55
3855,13,276
3856,13,132
3857,13,195
3858,13,192
3859,13,23
3860,13,165
3861,13,183
3862,13,36
3863,13,230
3864,13,16
3865,13,8
3866,13,94
3867,13,56
3868,13,138
3869,13,193
3870,13,201
3871,13,109
3872,13,231
3873,13,19
3874,13,55
3875,13,88
3876,13,199
3877,13,28
3878,13,99
3879,13,91
3880,13,148
3881,13,189
3882,13,76
3883,13,126
3884,13,105
3885,13,279
3886,13,21
3887,13,162
3888,13,4
3889,13,12
3890,13,104
3891,13,23
3892,13,150
3893,13,247
3894,13,299
3895,13,258
3896,13,50
3897,13,270
3898,13,212
3899,13,139
3900,13,20
3901,13,180
3902,13,109
3903,13,61
3904,13,104
3905,13,82
3906,13,36
3907,13,243
3908,13,2
3909,13,55
3910,13,298
3911,13,204
3912,13,207
3913,13,223
3914,13,100
3915,13,26
3916,13,233
3917,13,94
3918,13,71
3919,13,200
3920,13,227
3921,13,284
3922,13,245
3923,13,151
3924,13,113
3925,13,169
3926,13,98
3927,13,244
3928,13,95
3929,13,132
3930,13,158
3931,13,55
3932,13,142
3933,13,288
3934,13,245
3935,13,9
3936,13,172
3937,13,52
3938,13,290
3939,13,219
3940,13,295
3941,13,184
3942,13,291
3943,13,261
3944,13,171
3945,13,2
3946,13,262
3947,13,186
3948,13,25
3949,13,62
3950,13,45
3951,13,52
3952,13,138
3953,13,69
3954,13,22
3955,13,7
3956,13,76
3957,13,217
3958,13,165
3959,13,296
3960,13,282
3961,13,49
3962,13,67
3963,13,84
3964,13,90
3965,13,266
3966,13,261
3967,13,147
3968,13,52
3969,13,39
3970,13,225
3971,13,219
3972,13,202
3973,13,94
3974,13,60
3975,13,118
3976,13,51
3977,13,249
3978,13,60
3979,13,44
3980,13,277
3981,13,5
3982,13,130
3983,13,240
3984,13,156
3985,13,180
3986,13,170
3987,13,160
3988,13,103
3989,13,50
3990,13,173
3991,13,297
3992,13,186
3993,13,233
3994,13,275
3995,13,150
3996,13,125
3997,13,192
3998,13,273
3999,13,6
4000,13,72
4001,14,109
4002,14,230
4003,14,269
4004,14,294
4005,14,110
4006,14,151
4007,14,60
4008,14,193
4009,14,148
4010,14,3
4011,14,109
4012,14,82
4013,14,163
4014,14,50
4015,14,251
4016,14,146
4017,14,41
4018,14,198
4019,14,212
4020,14,183
4021,14,7
4022,14,8
4023,14,202
4024,14,27
4025,14,278
4026,14,160
4027,14,38
4028,14,235
4029,14,104
4030,14,40
4031,14,52
4032,14,204
4033,14,241
4034,14,50
4035,14,249
4036,14,256
4037,14,234
4038,14,116
4039,14,51
4040,14,187
4041,14,269
4042,14,141
4043,14,267
4044,14,169
4045,14,43
4046,14,226
4047,14,30
4048,14,107
4049,14,289
4050,14,123
4051,14,211
4052,14,32
4053,14,91
4054,14,52
4055,14,126
4056,14,20
4057,14,236
4058,14,286
4059,14,275
4060,14,149
4061,14,158
4062,14,56
4063,14,141
4064,14,165
4065,14,138
4066,14,53
4067,14,59
4068,14,68
4069,14,9
4070,14,168
4071,14,54
4072,14,103
4073,14,229
4074,14,97
4075,14,80
4076,14,224
4077,14,77
4078,14,178
4079,14,99
4080,14,227
4081,14,148
4082,14,184
4083,14,39
4084,14,118
4085,14,72
4086,14,8
4087,14,233
4088,14,110
4089,14,263
4090,14,293
4091,14,284
4092,14,163
4093,14,72
4094,14,25
4095,14,271
4096,14,212
4097,14,85
4098,14,273
4099,14,34
4100,14,151
4101,14,263
4102,14,290
4103,14,235
4104,14,145
4105,14,23
4106,14,246
4107,14,5
4108,14,254
4109,14,117
4110,14,79
4111,14,166
4112,14,213
4113,14,30
4114,14,102
4115,14,286
4116,14,11
4117,14,85
4118,14,42
4119,14,133
4120,14,213
4121,14,144
4122,14,53
4123,14,280
4124,14,37
4125,14,36
4126,14,96
4127,14,51
4128,14,137
4129,14,193
4130,14,115
4131,14,158
4132,14,142
4133,14,38
4134,14,134
4135,14,158
4136,14,151
4137,14,278
4138,14,269
4139,14,127
4140,14,251
4141,14,195
4142,14,26
4143,14,128
4144,14,102
4145,14,176
4146,14,231
4147,14,107
4148,14,270
4149,14,16
4150,14,173
4151,14,148
4152,14,33
4153,14,180
4154,14,292
4155,14,87
4156,14,207
4157,14,280
4158,14,76
4159,14,31
4160,14,117
4161,14,83
4162,14,74
4163,14,13
4164,14,156
4165,14,101
4166,14,127
4167,14,185
4168,14,191
4169,14,237
4170,14,37
4171,14,212
4172,14,215
4173,14,62
4174,14,28
4175,14,172
4176,14,142
4177,14,122
4178,14,192
4179,14,76
4180,14,192
4181,14,185
4182,14,219
4183,14,137
4184,14,269
4185,14,127
4186,14,79
4187,14,98
4188,14,288
4189,14,257
4190,14,198
4191,14,104
4192,14,13
4193,14,173
4194,14,7
4195,14,178
4196,14,92
4197,14,235
4198,14,251
4199,14,230
4200,14,298
4201,14,262
4202,14,101
4203,14,120
4204,14,113
4205,14,154
4206,14,61
4207,14,37
4208,14,51
4209,14,190
4210,14,222
4211,14,119
4212,14,3
4213,14,106
4214,14,59
4215,14,114
4216,14,46
4217,14,113
4218,14,101
4219,14,192
4220,14,56
4221,14,193
4222,14,30
4223,14,252
4224,14,170
4225,14,69
4226,14,42
4227,14,142
4228,14,227
4229,14,273
4230,14,205
4231,14,256
4232,14,295
4233,14,131
4234,14,123
4235,14,245
4236,14,79
4237,14,296
4238,14,106
4239,14,152
4240,14,205
4241,14,125
4242,14,56
4243,14,218
4244,14,251
4245,14,163
4246,14,112
4247,14,120
4248,14,73
4249,14,144
4250,14,41
4251,14,164
4252,14,250
4253,14,296
4254,14,38
4255,14,203
4256,14,181
4257,14,104
4258,14,53
4259,14,207
4260,14,170
4261,14,295
4262,14,257
4263,14,2
4264,14,241
4265,14,40
4266,14,221
4267,14,117
4268,14,239
4269,14,54
4270,14,117
4271,14,190
4272,14,109
4273,14,186
4274,14,23
4275,14,194
4276,14,114
4277,14,123
4278,14,25
4279,14,133
4280,14,50
4281,14,236
4282,14,22
4283,14,259
4284,14,190
4285,14,247
4286,14,37
4287,14,114
4288,14,242
4289,14,104
4290,14,208
4291,14,126
4292,14,197
4293,14,143
4294,14,174
4295,14,165
4296,14,20
4297,14,167
4298,14,269
4299,14,194
4300,14,272
4301,14,254
4302,14,104
4303,14,99
4304,14,287
4305,14,30
4306,14,161
4307,14,141
4308,14,73
4309,14,26
4310,14,236
4311,14,217
4312,14,155
4313,14,165
4314,14,114
4315,14,3
4316,14,83
4317,14,131
4318,14,104
4319,14,211
4320,14,81
4321,14,155
4322,14,39
4323,14,96
4324,14,217
4325,14,57
4326,14,229
4327,14,32
4328,14,164
4329,14,177
4330,14,180
4331,14,83
4332,14,181
4333,14,180
4334,14,241
4335,14,224
4336,14,291
4337,14,140
4338,14,40
4339,14,76
4340,14,268
4341,14,182
4342,14,79
4343,14,155
4344,14,267
4345,14,152
4346,14,83
4347,14,236
4348,14,145
4349,14,230
4350,14,164
4351,14,101
4352,14,159
4353,14,298
4354,14,9
4355,14,267
4356,14,279
4357,14,280
4358,14,223
4359,14,247
4360,14,289
4361,14,156
4362,14,239
4363,14,270
4364,14,241
4365,14,98
4366,14,173
4367,14,120
4368,14,274
4369,14,281
4370,14,296
4371,14,271
4372,14,282
4373,14,226
4374,14,213
4375,14,289
4376,14,223
4377,14,88
4378,14,48
4379,14,290
4380,14,250
4381,14,202
4382,14,212
4383,14,160
4384,14,165
4385,14,46
4386,14,139
4387,14,143
4388,14,293
4389,14,128
4390,14,296
4391,14,139
4392,14,229
4393,14,247
4394,14,79
4395,14,19
4396,14,164
4397,14,30
4398,14,271
4399,14,110
4400,14,186
4401,14,206
4402,14,4
4403,14,112
4404,14,291
4405,14,60
4406,14,22
4407,14,196
4408,14,259
4409,14,28
4410,14,0
4411,14,76
4412,14,132
4413,14,120
4414,14,196
4415,14,82
4416,14,89
4417,14,105
4418,14,108
4419,14,275
4420,14,147
4421,14,28
4422,14,4
4423,14,74
4424,14,218
4425,14,247
4426,14,104
4427,14,226
4428,14,178
4429,14,268
4430,14,138
4431,14,3
4432,14,138
4433,14,25
4434,14,19
4435,14,208
4436,14,91
4437,14,210
4438,14,298
4439,14,252
4440,14,253
4441,14,239
4442,14,168
4443,14,77
4444,14,141
4445,14,75
4446,14,16
4447,14,240
4448,14,213
4449,14,131
4450,14,289
4451,14,66
4452,14,138
4453,14,27
4454,14,287
4455,14,90
4456,14,289
4457,14,225
4458,14,81
4459,14,206
4460,14,234
4461,14,294
4462,14,42
4463,14,36
4464,14,109
4465,14,238
4466,14,60
4467,14,161
4468,14,48
4469,14,123
4470,14,195
4471,14,25
4472,14,23
4473,14,297
4474,14,12
4475,14,174
4476,14,125
4477,14,280
4478,14,284
4479,14,176
4480,14,244
4481,14,62
4482,14,279
4483,14,131
4484,14,288
4485,14,79
4486,14,245
4487,14,203
4488,14,229
4489,14,46
4490,14,77
4491,14,235
4492,14,4
4493,14,283
4494,14,219
4495,14,294
4496,14,263
4497,14,258
4498,14,254
4499,14,70
4500,14,51
4501,14,92
4502,14,36
4503,14,241
4504,14,195
4505,14,63
4506,14,257
4507,14,45
4508,14,215
4509,14,167
4510,14,166
4511,14,60
4512,14,38
4513,14,31
4514,14,21
4515,14,108
4516,14,154
4517,14,42
4518,14,46
4519,14,171
4520,14,12
4521,14,123
4522,14,202
4523,14,209
4524,14,147
4525,14,111
4526,14,120
4527,14,238
4528,14,53
4529,14,134
4530,14,26
4531,14,11
4532,14,256
4533,14,30
4534,14,147
4535,14,72
4536,14,67
4537,14,10
4538,14,134
4539,14,177
4540,14,12
4541,14,30
4542,14,175
4543,14,12
4544,14,115
4545,14,289
4546,14,194
4547,14,141
4548,14,241
4549,14,27
4550,14,106
4551,14,57
4552,14,148
4553,14,121
4554,14,29
4555,14,121
4556,14,136
4557,14,110
4558,14,188
4559,14,143
4560,14,108
4561,14,27
4562,14,227
4563,14,3
4564,14,126
4565,14,274
4566,14,122
4567,14,24
4568,14,99
4569,14,217
4570,14,224
4571,14,215
4572,14,90
4573,14,238
4574,14,89
4575,14,26
4576,14,224
4577,14,292
4578,14,94
4579,14,157
4580,14,139
4581,14,244
4582,14,224
4583,14,78
4584,14,108
4585,14,232
4586,14,234
4587,14,189
4588,14,160
4589,14,238
4590,14,118
4591,14,32
4592,14,262
4593,14,251
4594,14,294
4595,14,147
4596,14,157
4597,14,47
4598,14,74
4599,14,285
4600,14,262
4601,14,34
4602,14,186
4603,14,292
4604,14,132
4605,14,53
4606,14,47
4607,14,148
4608,14,63
4609,14,131
4610,14,181
4611,14,224
4612,14,188
4613,14,174
4614,14,217
4615,14,177
4616,14,226
4617,14,278
4618,14,249
4619,14,109
4620,14,40
4621,14,34
4622,14,184
4623,14,254
4624,14,202
4625,14,299
4626,14,10
4627,14,230
4628,14,252
4629,14,76
4630,14,112
4631,14,62
4632,14,299
4633,14,100
4634,14,170
4635,14,250
4636,14,203
4637,14,107
4638,14,224
4639,14,172
4640,14,274
4641,14,128
4642,14,183
4643,14,12
4644,14,14
4645,14,286
4646,14,150
4647,14,37
4648,14,24
4649,14,92
4650,14,56
4651,14,21
4652,14,26
4653,14,103
4654,14,32
4655,14,265
4656,14,167
4657,14,61
4658,14,44
4659,14,286
4660,14,139
4661,14,82
4662,14,277
4663,14,212
4664,14,181
4665,14,84
4666,14,180
4667,14,38
4668,14,110
4669,14,126
4670,14,262
4671,14,237
4672,14,292
4673,14,48
4674,14,249
4675,14,77
4676,14,228
4677,14,244
4678,14,269
4679,14,82
4680,14,150
4681,14,108
4682,14,45
4683,14,248
4684,14,46
4685,14,274
4686,14,38
4687,14,19
4688,14,53
4689,14,95
4690,14,292
4691,14,288
4692,14,47
4693,14,9
4694,14,191
4695,14,116
4696,14,207
4697,14,29
4698,14,270
4699,14,51
4700,14,296
4701,14,223
4702,14,39
4703,14,215
4704,14,186
4705,14,97
4706,14,221
4707,14,124
4708,14,262
4709,14,164
4710,14,213
4711,14,82
4712,14,152
4713,14,12
4714,14,129
4715,14,173
4716,14,179
4717,14,129
4718,14,39
4719,14,167
4720,14,32
4721,14,0
4722,14,283
4723,14,87
4724,14,243
4725,14,208
4726,14,181
4727,14,210
4728,14,254
4729,14,275
4730,14,209
4731,14,181
4732,14,286
4733,14,58
4734,14,294
4735,14,283
4736,14,228
4737,14,219
4738,14,253
4739,14,294
4740,14,207
4741,14,64
4742,14,277
4743,14,75
4744,14,147
4745,14,233
4746,14,239
4747,14,35
4748,14,23
4749,14,74
4750,14,288
4751,14,98
4752,14,70
4753,14,220
4754,14,109
4755,14,85
4756,14,103
4757,14,172
4758,14,229
4759,14,92
4760,14,132
4761,14,137
4762,14,266
4763,14,111
4764,14,284
4765,14,209
4766,14,277
4767,14,103
4768,14,101
4769,14,187
4770,14,151
4771,14,44
4772,14,208
4773,14,80
4774,14,183
4775,14,175
4776,14,92
4777,14,167
4778,14,77
4779,14,202
4780,14,31
4781,14,252
4782,14,111
4783,14,245
4784,14,168
4785,14,54
4786,14,203
4787,14,78
4788,14,110
4789,14,258
4790,14,244
4791,14,299
4792,14,202
4793,14,177
4794,14,257
4795,14,215
4796,14,257
4797,14,230
4798,14,143
4799,14,299
4800,14,31
4801,14,140
4802,14,194
4803,14,167
4804,14,177
4805,14,2
4806,14,234
4807,14,139
4808,14,174
4809,14,10
4810,14,168
4811,14,91
4812,14,111
4813,14,254
4814,14,114
4815,14,294
4816,14,117
4817,14,253
4818,14,242
4819,14,15
4820,14,180
4821,14,146
4822,14,84
4823,14,57
4824,14,57
4825,14,212
4826,14,298
4827,14,284
4828,14,97
4829,14,280
4830,14,249
4831,14,122
4832,14,36
4833,14,36
4834,14,209
4835,14,264
4836,14,180
4837,14,66
4838,14,282
4839,14,259
4840,14,149
4841,14,28
4842,14,5
4843,14,174
4844,14,152
4845,14,132
4846,14,260
4847,14,76
4848,14,2
4849,14,174
4850,14,137
4851,14,254
4852,14,242
4853,14,240
4854,14,90
4855,14,232
4856,14,142
4857,14,210
4858,14,136
4859,14,42
4860,14,231
4861,14,83
4862,14,73
4863,14,240
4864,14,233
4865,14,112
4866,14,270
4867,14,51
4868,14,230
4869,14,143
4870,14,114
4871,14,147
4872,14,168
4873,14,244
4874,14,149
4875,14,14
4876,14,182
4877,14,262
4878,14,168
4879,14,122
4880,14,40
4881,14,55
4882,14,151
4883,14,166
4884,14,273
4885,14,164
4886,14,127
4887,14,176
4888,14,168
4889,14,254
4890,14,62
4891,14,268
4892,14,140
4893,14,193
4894,14,80
4895,14,179
4896,14,278
4897,14,256
4898,14,149
4899,14,186
4900,14,297
4901,14,118
4902,14,60
4903,14,66
4904,14,8
4905,14,210
4906,14,134
4907,14,151
4908,14,82
4909,14,210
4910,14,137
4911,14,47
4912,14,88
4913,14,68
4914,14,62
4915,14,161
4916,14,91
4917,14,80
4918,14,148
4919,14,83
4920,14,61
4921,14,145
4922,14,176
4923,14,229
4924,14,30
4925,14,286
4926,14,46
4927,14,194
4928,14,40
4929,14,114
4930,14,137
4931,14,276
4932,14,280
4933,14,129
4934,14,11
4935,14,3
4936,14,76
4937,14,39
4938,14,149
4939,14,184
4940,14,291
4941,14,38
4942,14,113
4943,14,267
4944,14,214
4945,14,52
4946,14,178
4947,14,237
4948,14,242
4949,14,21
4950,14,25
4951,14,45
4952,14,265
4953,14,156
4954,14,109
4955,14,136
4956,14,201
4957,14,226
4958,14,6
4959,14,118
4960,14,225
4961,14,24
4962,14,111
4963,14,100
4964,14,107
4965,14,290
4966,14,188
4967,14,9
4968,14,221
4969,14,91
4970,14,39
4971,14,134
4972,14,8
4973,14,32
4974,14,34
4975,14,210
4976,14,6
4977,14,130
4978,14,146
4979,14,34
4980,14,97
4981,14,247
4982,14,40
4983,14,244
4984,14,57
4985,14,210
4986,14,201
4987,14,180
4988,14,252
4989,14,269
4990,14,227
4991,14,7
4992,14,282
4993,14,290
4994,14,231
4995,14,203
4996,14,158
4997,14,86
4998,14,96
4999,14,174
5000,14,61
